insert into system_user (empno, name, username, password, status_id, system_position, status, teaching_load, Is_adviser) values (1, 'Meriel John', 'mjohn0', 'FZEvjCmKjFN', 67, 'Faculty', 'User', 29.1136, 2);
insert into system_user (empno, name, username, password, status_id, system_position, status, teaching_load, Is_adviser) values (2, 'Anny Whelan', 'awhelan1', '2VWKdGcd', 82, 'Head', 'Admin', 13.9978, 1);
insert into system_user (empno, name, username, password, status_id, system_position, status, teaching_load, Is_adviser) values (3, 'Sandy Macvain', 'smacvain2', 'Acieo9', 83, 'Member', 'User', 10.9264, 1);
insert into system_user (empno, name, username, password, status_id, system_position, status, teaching_load, Is_adviser) values (4, 'Thalia Beedell', 'tbeedell3', '2GCz245', 48, 'Member', 'User', 13.5265, 1);
insert into system_user (empno, name, username, password, status_id, system_position, status, teaching_load, Is_adviser) values (5, 'Oswald Keast', 'okeast4', 'Klm8iXSSp', 11, 'Member', 'User', 17.08, 2);
insert into system_user (empno, name, username, password, status_id, system_position, status, teaching_load, Is_adviser) values (6, 'Hermia McCraine', 'hmccraine5', 'tMMlu7ruu1', 60, 'Member', 'User', 16.1024, 2);
insert into system_user (empno, name, username, password, status_id, system_position, status, teaching_load, Is_adviser) values (7, 'Ailbert Legg', 'alegg6', 'Fy8OjUI', 87, 'Member', 'User', 21.1179, 2);
insert into system_user (empno, name, username, password, status_id, system_position, status, teaching_load, Is_adviser) values (8, 'Linnie Creffeild', 'lcreffeild7', 'LTZJm32EEpE', 2, 'Member', 'User', 10.8194, 1);
insert into system_user (empno, name, username, password, status_id, system_position, status, teaching_load, Is_adviser) values (9, 'Gwenora Veschambre', 'gveschambre8', 'UTfZ5Bkp', 8, 'Member', 'User', 14.5526, 2);
insert into system_user (empno, name, username, password, status_id, system_position, status, teaching_load, Is_adviser) values (10, 'Starla Bodleigh', 'sbodleigh9', 'QHbWCsu5C', 21, 'Member', 'User', 13.2486, 1);
insert into system_user (empno, name, username, password, status_id, system_position, status, teaching_load, Is_adviser) values (11, 'Audrey Monger', 'amongera', 'FlM1Mj', 4, 'Member', 'User', 29.0812, 1);
insert into system_user (empno, name, username, password, status_id, system_position, status, teaching_load, Is_adviser) values (12, 'Markos Dudderidge', 'mdudderidgeb', 'OomKCZ7', 2, 'Member', 'User', 16.8789, 2);
insert into system_user (empno, name, username, password, status_id, system_position, status, teaching_load, Is_adviser) values (13, 'Suzanna Mellanby', 'smellanbyc', 'rCz2bO', 36, 'Member', 'User', 22.5513, 2);
insert into system_user (empno, name, username, password, status_id, system_position, status, teaching_load, Is_adviser) values (14, 'Elfie Mathewson', 'emathewsond', 'tTsHGyPv', 46, 'Member', 'User', 20.6449, 2);
insert into system_user (empno, name, username, password, status_id, system_position, status, teaching_load, Is_adviser) values (15, 'Cello Blaydon', 'cblaydone', 'Pi3j7dfy', 92, 'Member', 'User', 24.9033, 1);
insert into system_user (empno, name, username, password, status_id, system_position, status, teaching_load, Is_adviser) values (16, 'Talbot Bernat', 'tbernatf', 'sSSdJH', 11, 'Member', 'User', 24.0789, 2);
insert into system_user (empno, name, username, password, status_id, system_position, status, teaching_load, Is_adviser) values (17, 'Dov Goddard', 'dgoddardg', 'R71u1DG', 41, 'Member', 'User', 15.784, 1);
insert into system_user (empno, name, username, password, status_id, system_position, status, teaching_load, Is_adviser) values (18, 'Roseann Franklyn', 'rfranklynh', 'eGfz799', 78, 'Member', 'User', 20.8323, 1);
insert into system_user (empno, name, username, password, status_id, system_position, status, teaching_load, Is_adviser) values (19, 'Shaughn Tumielli', 'stumiellii', 'vO4ndRz', 57, 'Member', 'User', 27.267, 2);
insert into system_user (empno, name, username, password, status_id, system_position, status, teaching_load, Is_adviser) values (20, 'Cissy Giraudot', 'cgiraudotj', 'wve0ducx', 62, 'Faculty', 'User', 16.1819, 1);

insert into room (room_no, room_name) values (50, 'PCLAB 1');
insert into room (room_no, room_name) values (53, 'PCLAB 7');
insert into room (room_no, room_name) values (73, 'PCLAB 7');
insert into room (room_no, room_name) values (79, 'PCLAB 1');
insert into room (room_no, room_name) values (76, 'PCLAB 7');
insert into room (room_no, room_name) values (62, 'PCLAB 4');
insert into room (room_no, room_name) values (35, 'PCLAB 7');
insert into room (room_no, room_name) values (94, 'PCLAB 6');
insert into room (room_no, room_name) values (65, 'PCLAB 0');
insert into room (room_no, room_name) values (93, 'PCLAB 1');
insert into room (room_no, room_name) values (9, 'PCLAB 4');
insert into room (room_no, room_name) values (77, 'PCLAB 8');
insert into room (room_no, room_name) values (4, 'PCLAB 2');
insert into room (room_no, room_name) values (23, 'PCLAB 0');
insert into room (room_no, room_name) values (74, 'PCLAB 5');
insert into room (room_no, room_name) values (55, 'PCLAB 0');
insert into room (room_no, room_name) values (31, 'PCLAB 6');
insert into room (room_no, room_name) values (68, 'PCLAB 8');
insert into room (room_no, room_name) values (52, 'PCLAB 1');
insert into room (room_no, room_name) values (10, 'PCLAB 7');

insert into course (course_no, course_name, section, class_size, sais_class_count, sais_waitlisted_count, actual_count, course_date, minutes, units, room_no, empno) values (1, 'duis aliquam convallis nunc proin at turpis a pede posuere nonummy integer non velit donec diam', 'JF-9L', 70, 64, 142, 12, '2018-03-24', 68, 3, 50, 1);
insert into course (course_no, course_name, section, class_size, sais_class_count, sais_waitlisted_count, actual_count, course_date, minutes, units, room_no, empno) values (2, 'duis bibendum felis sed interdum venenatis turpis enim blandit mi in porttitor pede justo eu', 'YU-6L', 39, 55, 47, 86, '2018-03-24', 90, 2, 53, 2);
insert into course (course_no, course_name, section, class_size, sais_class_count, sais_waitlisted_count, actual_count, course_date, minutes, units, room_no, empno) values (3, 'ornare imperdiet sapien urna pretium nisl ut volutpat sapien arcu sed augue aliquam erat volutpat in congue etiam', 'NE-4L', 96, 32, 139, 140, '2018-03-24', 87, 5, 73, 3);
insert into course (course_no, course_name, section, class_size, sais_class_count, sais_waitlisted_count, actual_count, course_date, minutes, units, room_no, empno) values (4, 'at velit vivamus vel nulla eget eros elementum pellentesque quisque porta', 'LH-8L', 11, 129, 43, 107, '2018-03-24', 77, 3, 79, 4);
insert into course (course_no, course_name, section, class_size, sais_class_count, sais_waitlisted_count, actual_count, course_date, minutes, units, room_no, empno) values (5, 'nascetur ridiculus mus etiam vel augue vestibulum rutrum rutrum neque aenean auctor gravida sem praesent id', 'OY-3L', 77, 49, 77, 14, '2018-03-24', 104, 3, 76, 5);
insert into course (course_no, course_name, section, class_size, sais_class_count, sais_waitlisted_count, actual_count, course_date, minutes, units, room_no, empno) values (6, 'morbi porttitor lorem id ligula suspendisse ornare consequat lectus in est risus auctor sed tristique in tempus sit', 'BB-3L', 144, 77, 126, 130, '2018-03-24', 94, 2, 62, 6);
insert into course (course_no, course_name, section, class_size, sais_class_count, sais_waitlisted_count, actual_count, course_date, minutes, units, room_no, empno) values (7, 'suspendisse ornare consequat lectus in est risus auctor sed tristique', 'UG-5L', 124, 131, 44, 108, '2018-03-24', 90, 2, 35, 7);
insert into course (course_no, course_name, section, class_size, sais_class_count, sais_waitlisted_count, actual_count, course_date, minutes, units, room_no, empno) values (8, 'nulla eget eros elementum pellentesque quisque porta volutpat erat quisque erat eros viverra eget congue eget semper rutrum', 'SU-4L', 12, 94, 24, 88, '2018-03-24', 111, 2, 94, 8);
insert into course (course_no, course_name, section, class_size, sais_class_count, sais_waitlisted_count, actual_count, course_date, minutes, units, room_no, empno) values (9, 'quam pede lobortis ligula sit amet eleifend pede libero quis orci nullam molestie nibh', 'DE-5L', 57, 105, 84, 82, '2018-03-24', 117, 4, 65, 9);
insert into course (course_no, course_name, section, class_size, sais_class_count, sais_waitlisted_count, actual_count, course_date, minutes, units, room_no, empno) values (10, 'elit ac nulla sed vel enim sit amet nunc viverra dapibus nulla suscipit ligula in lacus curabitur at', 'YS-2L', 115, 127, 20, 77, '2018-03-24', 115, 4, 93, 10);
insert into course (course_no, course_name, section, class_size, sais_class_count, sais_waitlisted_count, actual_count, course_date, minutes, units, room_no, empno) values (11, 'eros vestibulum ac est lacinia nisi venenatis tristique fusce congue diam id ornare', 'EG-4L', 54, 54, 56, 114, '2018-03-24', 111, 2, 9, 11);
insert into course (course_no, course_name, section, class_size, sais_class_count, sais_waitlisted_count, actual_count, course_date, minutes, units, room_no, empno) values (12, 'ante ipsum primis in faucibus orci luctus et ultrices posuere cubilia curae mauris viverra diam', 'OV-3L', 61, 83, 38, 116, '2018-03-24', 60, 4, 77, 12);
insert into course (course_no, course_name, section, class_size, sais_class_count, sais_waitlisted_count, actual_count, course_date, minutes, units, room_no, empno) values (13, 'vivamus tortor duis mattis egestas metus aenean fermentum donec ut mauris eget massa tempor convallis', 'GH-4L', 138, 72, 72, 81, '2018-03-24', 120, 4, 4, 13);
insert into course (course_no, course_name, section, class_size, sais_class_count, sais_waitlisted_count, actual_count, course_date, minutes, units, room_no, empno) values (14, 'non mauris morbi non lectus aliquam sit amet diam in magna bibendum imperdiet nullam orci pede', 'GR-8L', 35, 67, 10, 24, '2018-03-24', 64, 3, 23, 14);
insert into course (course_no, course_name, section, class_size, sais_class_count, sais_waitlisted_count, actual_count, course_date, minutes, units, room_no, empno) values (15, 'dapibus nulla suscipit ligula in lacus curabitur at ipsum ac', 'BH-4L', 53, 61, 92, 149, '2018-03-24', 103, 5, 74, 15);
insert into course (course_no, course_name, section, class_size, sais_class_count, sais_waitlisted_count, actual_count, course_date, minutes, units, room_no, empno) values (16, 'tempus sit amet sem fusce consequat nulla nisl nunc nisl duis bibendum felis sed interdum venenatis turpis', 'TQ-9L', 68, 75, 148, 149, '2018-03-24', 80, 5, 55, 16);
insert into course (course_no, course_name, section, class_size, sais_class_count, sais_waitlisted_count, actual_count, course_date, minutes, units, room_no, empno) values (17, 'turpis a pede posuere nonummy integer non velit donec diam neque', 'IN-5L', 91, 145, 122, 19, '2018-03-24', 76, 2, 31, 17);
insert into course (course_no, course_name, section, class_size, sais_class_count, sais_waitlisted_count, actual_count, course_date, minutes, units, room_no, empno) values (18, 'libero quis orci nullam molestie nibh in lectus pellentesque at nulla suspendisse potenti cras in', 'CR-4L', 116, 66, 141, 88, '2018-03-24', 72, 2, 68, 18);
insert into course (course_no, course_name, section, class_size, sais_class_count, sais_waitlisted_count, actual_count, course_date, minutes, units, room_no, empno) values (19, 'justo aliquam quis turpis eget elit sodales scelerisque mauris sit amet eros', 'SA-8L', 127, 44, 37, 17, '2018-03-24', 109, 3, 52, 19);
insert into course (course_no, course_name, section, class_size, sais_class_count, sais_waitlisted_count, actual_count, course_date, minutes, units, room_no, empno) values (20, 'sociis natoque penatibus et magnis dis parturient montes nascetur ridiculus mus etiam vel augue', 'IO-5L', 58, 68, 36, 13, '2018-03-24', 87, 2, 10, 20);

insert into student (student_no, name, Status, adviser) values ('2018-23282', 'Eddy Purrier', 'LOA', 1);
insert into student (student_no, name, Status, adviser) values ('2017-30691', 'Robinetta Knappe', 'LOA', 2);
insert into student (student_no, name, Status, adviser) values ('2018-67066', 'Cosme Topping', 'LOA', 3);
insert into student (student_no, name, Status, adviser) values ('2016-68009', 'Marice Goodchild', 'LOA', 4);
insert into student (student_no, name, Status, adviser) values ('2018-05432', 'Dal Eagers', 'LOA', 5);
insert into student (student_no, name, Status, adviser) values ('2018-35865', 'Marmaduke Wintersgill', 'LOA', 6);
insert into student (student_no, name, Status, adviser) values ('2016-25262', 'Kendrick Payton', 'LOA', 7);
insert into student (student_no, name, Status, adviser) values ('2016-27560', 'Gussie Valsler', 'LOA', 8);
insert into student (student_no, name, Status, adviser) values ('2015-56535', 'Katya Fardy', 'LOA', 9);
insert into student (student_no, name, Status, adviser) values ('2017-82739', 'Alfred Bandiera', 'LOA', 10);
insert into student (student_no, name, Status, adviser) values ('2018-19733', 'Vannie Bilbrook', 'LOA', 11);
insert into student (student_no, name, Status, adviser) values ('2018-83712', 'Dennis Wankling', 'LOA', 12);
insert into student (student_no, name, Status, adviser) values ('2018-79569', 'Kippar Thresher', 'LOA', 13);
insert into student (student_no, name, Status, adviser) values ('2018-52649', 'Brewer Jirka', 'LOA', 14);
insert into student (student_no, name, Status, adviser) values ('2018-94008', 'Abram Morillas', 'LOA', 15);
insert into student (student_no, name, Status, adviser) values ('2018-02164', 'Enrique Frangello', 'LOA', 16);
insert into student (student_no, name, Status, adviser) values ('2018-75288', 'Shanon Stinchcombe', 'LOA', 17);
insert into student (student_no, name, Status, adviser) values ('2017-17335', 'Nedda Jorgensen', 'LOA', 18);
insert into student (student_no, name, Status, adviser) values ('2018-99049', 'Rozina MacGahy', 'LOA', 19);
insert into student (student_no, name, Status, adviser) values ('2017-24301', 'Robena Gundry', 'LOA', 20);

insert into student_advisers_list (student, empno) values ('2018-23282', 1);
insert into student_advisers_list (student, empno) values ('2017-30691', 2);
insert into student_advisers_list (student, empno) values ('2018-67066', 3);
insert into student_advisers_list (student, empno) values ('2016-68009', 4);
insert into student_advisers_list (student, empno) values ('2018-05432', 5);
insert into student_advisers_list (student, empno) values ('2018-35865', 6);
insert into student_advisers_list (student, empno) values ('2016-25262', 7);
insert into student_advisers_list (student, empno) values ('2016-27560', 8);
insert into student_advisers_list (student, empno) values ('2015-56535', 9);
insert into student_advisers_list (student, empno) values ('2017-82739', 10);
insert into student_advisers_list (student, empno) values ('2018-19733', 11);
insert into student_advisers_list (student, empno) values ('2018-83712', 12);
insert into student_advisers_list (student, empno) values ('2018-79569', 13);
insert into student_advisers_list (student, empno) values ('2018-52649', 14);
insert into student_advisers_list (student, empno) values ('2018-94008', 15);
insert into student_advisers_list (student, empno) values ('2018-02164', 16);
insert into student_advisers_list (student, empno) values ('2018-75288', 17);
insert into student_advisers_list (student, empno) values ('2017-17335', 18);
insert into student_advisers_list (student, empno) values ('2018-99049', 19);
insert into student_advisers_list (student, empno) values ('2017-24301', 20);