-- DUMMY  DATA
USE regicsserver;

insert into system_user (empno, name, username, email, password, system_position, status, teaching_load, is_adviser) values (DEFAULT, 'Meriel John', 'mjohn0', 'example@email.com', 'FZEvjCmKjFN', 'faculty', 'resigned', 29.1136, 'false');
insert into system_user (empno, name, username, email, password, system_position, status, teaching_load, is_adviser) values (DEFAULT, 'Anny Whelan', 'awhelan1', 'example1@email.com', '2VWKdGcd', 'head', 'resigned', 13.9978, 'false');
insert into system_user (empno, name, username, email, password, system_position, status, teaching_load, is_adviser) values (DEFAULT, 'Sandy Macvain', 'smacvain2', 'example2@email.com', 'Acieo9', 'member', 'on_leave', 10.9264, 'false');
insert into system_user (empno, name, username, email, password, system_position, status, teaching_load, is_adviser) values (DEFAULT, 'Thalia Beedell', 'tbeedell3', 'example3@email.com', '2GCz245', 'member', 'on_leave', 13.5265, 'false');
insert into system_user (empno, name, username, email, password, system_position, status, teaching_load, is_adviser) values (DEFAULT, 'Oswald Keast', 'okeast4', 'example4@email.com', 'Klm8iXSSp', 'member', 'active', 17.08, 'false');
insert into system_user (empno, name, username, email, password, system_position, status, teaching_load, is_adviser) values (DEFAULT, 'Hermia McCraine', 'hmccraine5', 'example5@email.com', 'tMMlu7ruu1', 'member', 'active', 16.1024, 'false');
insert into system_user (empno, name, username, email, password, system_position, status, teaching_load, is_adviser) values (DEFAULT, 'Ailbert Legg', 'alegg6', 'example6@email.com', 'Fy8OjUI', 'member', 'active', 21.1179, 'false');
insert into system_user (empno, name, username, email, password, system_position, status, teaching_load, is_adviser) values (DEFAULT, 'Linnie Creffeild', 'lcreffeild7', 'example7@email.com', 'LTZJm32EEpE', 'member', 'active', 10.8194, 'false');
insert into system_user (empno, name, username, email, password, system_position, status, teaching_load, is_adviser) values (DEFAULT, 'Gwenora Veschambre', 'gveschambre8', 'example8@email.com', 'UTfZ5Bkp', 'member', 'active', 14.5526, 'false');
insert into system_user (empno, name, username, email, password, system_position, status, teaching_load, is_adviser) values (DEFAULT, 'Starla Bodleigh', 'sbodleigh9', 'example9@email.com', 'QHbWCsu5C', 'member', 'active', 13.2486, 'false');
insert into system_user (empno, name, username, email, password, system_position, status, teaching_load, is_adviser) values (DEFAULT, 'Audrey Monger', 'amongera', 'example10@email.com', 'FlM1Mj', 'member', 'active', 29.0812, 'true');
insert into system_user (empno, name, username, email, password, system_position, status, teaching_load, is_adviser) values (DEFAULT, 'Markos Dudderidge', 'mdudderidgeb', 'example11@email.com', 'OomKCZ7', 'member', 'active', 16.8789, 'true');
insert into system_user (empno, name, username, email, password, system_position, status, teaching_load, is_adviser) values (DEFAULT, 'Suzanna Mellanby', 'smellanbyc', 'example12@email.com', 'rCz2bO', 'member', 'active', 22.5513, 'true');
insert into system_user (empno, name, username, email, password, system_position, status, teaching_load, is_adviser) values (DEFAULT, 'Elfie Mathewson', 'emathewsond', 'example13@email.com', 'tTsHGyPv', 'member', 'active', 20.6449, 'true');
insert into system_user (empno, name, username, email, password, system_position, status, teaching_load, is_adviser) values (DEFAULT, 'Cello Blaydon', 'cblaydone', 'example14@email.com', 'Pi3j7dfy', 'member', 'active', 24.9033, 'true');
insert into system_user (empno, name, username, email, password, system_position, status, teaching_load, is_adviser) values (DEFAULT, 'Talbot Bernat', 'tbernatf', 'example15@email.com', 'sSSdJH', 'member', 'active', 24.0789, 'true');
insert into system_user (empno, name, username, email, password, system_position, status, teaching_load, is_adviser) values (DEFAULT, 'Dov Goddard', 'dgoddardg', 'example16@email.com', 'R71u1DG', 'member', 'active', 15.784, 'true');
insert into system_user (empno, name, username, email, password, system_position, status, teaching_load, is_adviser) values (DEFAULT, 'Roseann Franklyn', 'rfranklynh', 'example17@email.com', 'eGfz799', 'faculty', 'active', 20.8323, 'true');
insert into system_user (empno, name, username, email, password, system_position, status, teaching_load, is_adviser) values (DEFAULT, 'Shaughn Tumielli', 'stumiellii', 'example18@email.com', 'vO4ndRz', 'faculty', 'active', 27.267, 'true');
insert into system_user (empno, name, username, email, password, system_position, status, teaching_load, is_adviser) values (DEFAULT, 'Cissy Giraudot', 'cgiraudotj', 'example19@email.com', 'wve0ducx', 'faculty', 'active', 16.1819, 'true');

insert into room (room_no, room_name) values (50, 'PCLAB 1');
insert into room (room_no, room_name) values (53, 'PCLAB 7');
insert into room (room_no, room_name) values (73, 'PCLAB 7');
insert into room (room_no, room_name) values (79, 'PCLAB 1');
insert into room (room_no, room_name) values (76, 'PCLAB 7');
insert into room (room_no, room_name) values (62, 'PCLAB 4');
insert into room (room_no, room_name) values (35, 'PCLAB 7');
insert into room (room_no, room_name) values (94, 'PCLAB 6');
insert into room (room_no, room_name) values (65, 'PCLAB 0');
insert into room (room_no, room_name) values (93, 'PCLAB 1');
insert into room (room_no, room_name) values (9, 'PCLAB 4');
insert into room (room_no, room_name) values (77, 'PCLAB 8');
insert into room (room_no, room_name) values (4, 'PCLAB 2');
insert into room (room_no, room_name) values (23, 'PCLAB 0');
insert into room (room_no, room_name) values (74, 'PCLAB 5');
insert into room (room_no, room_name) values (55, 'PCLAB 0');
insert into room (room_no, room_name) values (31, 'PCLAB 6');
insert into room (room_no, room_name) values (68, 'PCLAB 8');
insert into room (room_no, room_name) values (52, 'PCLAB 1');
insert into room (room_no, room_name) values (10, 'PCLAB 7');

CALL addCourse(
    'USER SESSION EXAMPLE', 
    'CMSC 128', 
    'JF-9L', 
    70, 
    64, 
    142, 
    12, 
    '2018-03-24', 
    '15:02:28', 
    '15:02:28', 
    68, 
    3, 
    2.75, 
    'true', 
    'dissolved', 
    '', 
    50, 
    1
);
CALL addCourse(
    'USER SESSION EXAMPLE', 
    'CMSC 128', 
    'JF-9L', 
    70, 
    64, 
    142, 
    12, 
    '2018-03-24', 
    '15:02:28', 
    '15:02:28', 
    68, 
    3, 
    5.75, 
    'true', 
    'dissolved', 
    '', 
    77, 
    1
);

CALL addCourse(
    'BLAHBLAH NAME', 
    'CMSC 128', 
    'JF-9L', 
    70, 
    64, 
    142, 
    12, 
    '2018-03-24', 
    '15:02:28', 
    '15:02:28', 
    68, 
    3, 
    2.75, 
    'true', 
    'dissolved', 
    '', 
    53, 
    2
);

insert into student (student_no, name, status, classification, student_curriculum, adviser) values ('2018-23282', 'Eddy Purrier', 'loa','freshman','2018', 1);
insert into student (student_no, name, status, classification, student_curriculum, adviser) values ('2017-30691', 'Robinetta Knappe', 'loa','freshman','2018', 2);
insert into student (student_no, name, status, classification, student_curriculum, adviser) values ('2018-67066', 'Cosme Topping', 'dropped','freshman','2018', 3);
insert into student (student_no, name, status, classification, student_curriculum, adviser) values ('2016-68009', 'Marice Goodchild', 'dropped','freshman','2018', 4);
insert into student (student_no, name, status, classification, student_curriculum, adviser) values ('2018-05432', 'Dal Eagers', 'dismissed','freshman','2018', 5);
insert into student (student_no, name, status, classification, student_curriculum, adviser) values ('2018-35865', 'Marmaduke Wintersgill', 'dismissed','freshman','2018', 6);
insert into student (student_no, name, status, classification, student_curriculum, adviser) values ('2016-25262', 'Kendrick Payton', 'enrolled', 'sophomore', '2011', 7);
insert into student (student_no, name, status, classification, student_curriculum, adviser) values ('2016-27560', 'Gussie Valsler', 'enrolled', 'sophomore', '2011', 8);
insert into student (student_no, name, status, classification, student_curriculum, adviser) values ('2015-56535', 'Katya Fardy', 'enrolled', 'sophomore', '2011', 9);
insert into student (student_no, name, status, classification, student_curriculum, adviser) values ('2017-82739', 'Alfred Bandiera', 'enrolled', 'sophomore', '2011', 10);
insert into student (student_no, name, status, classification, student_curriculum, adviser) values ('2018-19733', 'Vannie Bilbrook', 'enrolled', 'sophomore', '2011', 11);
insert into student (student_no, name, status, classification, student_curriculum, adviser) values ('2018-83712', 'Dennis Wankling', 'enrolled', 'sophomore', '2011', 12);
insert into student (student_no, name, status, classification, student_curriculum, adviser) values ('2018-79569', 'Kippar Thresher', 'enrolled', 'sophomore', '2011', 13);
insert into student (student_no, name, status, classification, student_curriculum, adviser) values ('2018-52649', 'Brewer Jirka', 'enrolled', 'sophomore', '2011', 14);
insert into student (student_no, name, status, classification, student_curriculum, adviser) values ('2018-94008', 'Abram Morillas', 'enrolled', 'sophomore', '2011', 15);
insert into student (student_no, name, status, classification, student_curriculum, adviser) values ('2018-02164', 'Enrique Frangello', 'enrolled', 'sophomore', '2011', 16);
insert into student (student_no, name, status, classification, student_curriculum, adviser) values ('2018-75288', 'Shanon Stinchcombe', 'enrolled', 'junior', '2011', 17);
insert into student (student_no, name, status, classification, student_curriculum, adviser) values ('2017-17335', 'Nedda Jorgensen', 'enrolled', 'junior', '2011', 18);
insert into student (student_no, name, status, classification, student_curriculum, adviser) values ('2018-99049', 'Rozina MacGahy', 'enrolled', 'senior', '2011', 19);
insert into student (student_no, name, status, classification, student_curriculum, adviser) values ('2017-24301', 'Robena Gundry', 'enrolled', 'senior', '2011', 20);

insert into student_advisers_list (student_no, empno) values ('2018-23282', 1);
insert into student_advisers_list (student_no, empno) values ('2017-30691', 2);
insert into student_advisers_list (student_no, empno) values ('2018-67066', 3);
insert into student_advisers_list (student_no, empno) values ('2016-68009', 4);
insert into student_advisers_list (student_no, empno) values ('2018-05432', 5);
insert into student_advisers_list (student_no, empno) values ('2018-35865', 6);
insert into student_advisers_list (student_no, empno) values ('2016-25262', 7);
insert into student_advisers_list (student_no, empno) values ('2016-27560', 8);
insert into student_advisers_list (student_no, empno) values ('2015-56535', 9);
insert into student_advisers_list (student_no, empno) values ('2017-82739', 10);
insert into student_advisers_list (student_no, empno) values ('2018-19733', 11);
insert into student_advisers_list (student_no, empno) values ('2018-83712', 12);
insert into student_advisers_list (student_no, empno) values ('2018-79569', 13);
insert into student_advisers_list (student_no, empno) values ('2018-52649', 14);
insert into student_advisers_list (student_no, empno) values ('2018-94008', 15);
insert into student_advisers_list (student_no, empno) values ('2018-02164', 16);
insert into student_advisers_list (student_no, empno) values ('2018-75288', 17);
insert into student_advisers_list (student_no, empno) values ('2017-17335', 18);
insert into student_advisers_list (student_no, empno) values ('2018-99049', 19);
insert into student_advisers_list (student_no, empno) values ('2017-24301', 20);